{
 "body": [
  {
   "angle": 0.0, 
   "name": "aaa", 
   "linearDamping": 0.0, 
   "fixture": [
    {
     "filter-groupIndex": 1, 
     "name": "", 
     "density": 1, 
     "friction": 0.2, 
     "filter-maskBits": 1, 
     "filter-categoryBits": 1, 
     "polygon": {
      "vertices": {
       "y": [
        10.600000381469727, 
        16.600000381469727, 
        16.5, 
        10.633333206176758
       ], 
       "x": [
        4.0333333015441895, 
        3.9000000953674316, 
        2.366666555404663, 
        2.566666603088379
       ]
      }
     }, 
     "sensor": true, 
     "restitution": 0.1
    }
   ], 
   "allowSleep": true, 
   "angularVelocity": 0.0, 
   "awake": true, 
   "angularDamping": 0.0, 
   "position": {
    "y": 13.60659122467041, 
    "x": 3.2187912464141846
   }, 
   "linearVelocity": {
    "y": 0.0, 
    "x": 0.0
   }, 
   "type": 2, 
   "bullet": false, 
   "fixedRotation": false
  }, 
  {
   "angle": 0.0, 
   "name": "bbb", 
   "linearDamping": 0.0, 
   "fixture": [
    {
     "filter-groupIndex": 1, 
     "name": "", 
     "density": 1, 
     "friction": 0.2, 
     "filter-maskBits": 1, 
     "filter-categoryBits": 1, 
     "polygon": {
      "vertices": {
       "y": [
        15.433333396911621, 
        16.566667556762695, 
        16.46666717529297, 
        15.166666984558105
       ], 
       "x": [
        10.100000381469727, 
        9.899999618530273, 
        2.4000000953674316, 
        2.366666555404663
       ]
      }
     }, 
     "sensor": true, 
     "restitution": 0.1
    }
   ], 
   "allowSleep": true, 
   "angularVelocity": 0.0, 
   "awake": true, 
   "angularDamping": 0.0, 
   "position": {
    "y": 15.903044700622559, 
    "x": 6.108002185821533
   }, 
   "linearVelocity": {
    "y": 0.0, 
    "x": 0.0
   }, 
   "type": 2, 
   "bullet": false, 
   "fixedRotation": false
  }
 ], 
 "gravity": {
  "y": 0, 
  "x": 0
 }, 
 "allowSleep": true, 
 "positionIterations": 2, 
 "velocityIterations": 6, 
 "stepsPerSecond": 60, 
 "autoClearForces": true, 
 "continuousPhysics": true, 
 "subStepping": false, 
 "warmStarting": true
}